<?xml version="1.0" encoding="UTF-8" ?>
<root>
	<0>
		<DeviseID>Alpha01</DeviseID>
		<DeviseName>RFID</DeviseName>
		<DeviseType>Sensor</DeviseType>
		<Manufacturer>CISCO</Manufacturer>
		<ConnectivityProtocol>HTTPS</ConnectivityProtocol>
		<size>15</size>
	</0>
	<1>
		<DeviseID>Alpha02</DeviseID>
		<DeviseName>SWITCH</DeviseName>
		<DeviseType>Sensor</DeviseType>
		<Manufacturer>CISCO</Manufacturer>
		<ConnectivityProtocol>/HTTPHTTPS</ConnectivityProtocol>
		<size>15</size>
	</1>
	<2>
		<DeviseID>Alpha03</DeviseID>
		<DeviseName>VoiceModem</DeviseName>
		<DeviseType>Recevier</DeviseType>
		<Manufacturer>CISCO</Manufacturer>
		<ConnectivityProtocol>LTE</ConnectivityProtocol>
		<size>15</size>
	</2>
	<3>
		<DeviseID>Alpha04</DeviseID>
		<DeviseName>RFID</DeviseName>
		<DeviseType>MotionSensor</DeviseType>
		<Manufacturer>CISCO</Manufacturer>
		<ConnectivityProtocol>LIDER</ConnectivityProtocol>
		<size>15</size>
	</3>
	<4>
		<DeviseID>Alpha05</DeviseID>
		<DeviseName>Doorlock</DeviseName>
		<DeviseType>SecuritySensor</DeviseType>
		<Manufacturer>RING</Manufacturer>
		<ConnectivityProtocol>Password</ConnectivityProtocol>
		<size>15</size>
	</4>
</root>