<?xml version="1.0" encoding="UTF-8" ?>
<root>
	<0>
		<UserID>User01</UserID>
		<UserName>Uday</UserName>
		<Email>uday.xyz@xyz.com</Email>
		<DevicePreferences>CISCO</DevicePreferences>
		<SecuritySettings>HTTPS</SecuritySettings>
		<size>15</size>
	</0>
	<1>
		<UserID>User02</UserID>
		<UserName>Kiran</UserName>
		<Email>Kiran.xyz@xyz.com</Email>
		<DevicePreferences>CISCO</DevicePreferences>
		<SecuritySettings>HTTPS</SecuritySettings>
		<size>15</size>
	
	</1>
	<2>
		<UserID>User03</UserID>
		<UserName>Reddy</UserName>
		<Email>Reddy.xyz@xyz.com</Email>
		<DevicePreferences>CISCO</DevicePreferences>
		<SecuritySettings>HTTPS</SecuritySettings>
		<size>15</size>
	
	</2>
	<3>
		<UserID>User04</UserID>
		<UserName>Romeo</UserName>
		<Email>romeo.xyz@xyz.com</Email>
		<DevicePreferences>CISCO</DevicePreferences>
		<SecuritySettings>HTTPS</SecuritySettings>
		<size>15</size>
	
	</3>
	<4>
		<UserID>User05</UserID>
		<UserName>John</UserName>
		<Email>john.xyz@xyz.com</Email>
		<DevicePreferences>CISCO</DevicePreferences>
		<SecuritySettings>HTTPS</SecuritySettings>
		<size>15</size>
	
	</4>
</root>